--
-- Файл сгенерирован с помощью SQLiteStudio v3.3.3 в вс нояб. 13 11:30:33 2022
--
-- Использованная кодировка текста: UTF-8
--
PRAGMA foreign_keys = off;
BEGIN TRANSACTION;

-- Таблица: Colors
DROP TABLE IF EXISTS Colors;
CREATE TABLE Colors (id_color INTEGER PRIMARY KEY, color_name TEXT, hex_code TEXT);

-- Таблица: Images
DROP TABLE IF EXISTS Images;
CREATE TABLE Images (id_images INTEGER PRIMARY KEY, id_taxon INTEGER REFERENCES Taxon, images BLOB);

-- Таблица: LifeForm
DROP TABLE IF EXISTS LifeForm;
CREATE TABLE LifeForm (id_life_form INTEGER PRIMARY KEY, life_form_name TEXT, life_form_lat_name TEXT);
INSERT INTO LifeForm (id_life_form, life_form_name, life_form_lat_name) VALUES (1, 'накипные', NULL);
INSERT INTO LifeForm (id_life_form, life_form_name, life_form_lat_name) VALUES (2, 'листоватые', NULL);
INSERT INTO LifeForm (id_life_form, life_form_name, life_form_lat_name) VALUES (3, 'кустичные', NULL);
INSERT INTO LifeForm (id_life_form, life_form_name, life_form_lat_name) VALUES (4, 'слизистые', NULL);

-- Таблица: LifeFormTaxon
DROP TABLE IF EXISTS LifeFormTaxon;
CREATE TABLE LifeFormTaxon (id_life_form_taxon INTEGER PRIMARY KEY, id_taxon REFERENCES Taxon, id_life_form INTEGER REFERENCES LifeForm (id_life_form));

-- Таблица: Metering
DROP TABLE IF EXISTS Metering;
CREATE TABLE Metering (id_metering INTEGER PRIMARY KEY, metering_name TEXT);

-- Таблица: PartProperties
DROP TABLE IF EXISTS PartProperties;
CREATE TABLE PartProperties (id_properties PRIMARY KEY, id_taxon INTEGER REFERENCES Taxon (id_taxon), id_part INTEGER REFERENCES Parts (id_part), properte TEXT);

-- Таблица: Parts
DROP TABLE IF EXISTS Parts;
CREATE TABLE Parts (id_part INTEGER PRIMARY KEY, part_lat_name TEXT, part_name);
INSERT INTO Parts (id_part, part_lat_name, part_name) VALUES (1, 'apothecium', 'апотеций');
INSERT INTO Parts (id_part, part_lat_name, part_name) VALUES (2, 'perithecium', 'перитеций');
INSERT INTO Parts (id_part, part_lat_name, part_name) VALUES (3, 'isidium', 'изидии');
INSERT INTO Parts (id_part, part_lat_name, part_name) VALUES (4, 'soredium', 'соредии');
INSERT INTO Parts (id_part, part_lat_name, part_name) VALUES (5, 'cyfella', 'цифелла');
INSERT INTO Parts (id_part, part_lat_name, part_name) VALUES (6, 'cyfelodium', 'цифелодия');
INSERT INTO Parts (id_part, part_lat_name, part_name) VALUES (7, 'pseudocyfelodium', 'псевдоцифелодия');
INSERT INTO Parts (id_part, part_lat_name, part_name) VALUES (8, 'lobuli', 'лобулы');
INSERT INTO Parts (id_part, part_lat_name, part_name) VALUES (9, 'lamella', 'пластинка');
INSERT INTO Parts (id_part, part_lat_name, part_name) VALUES (10, 'rhezinae', 'резины');
INSERT INTO Parts (id_part, part_lat_name, part_name) VALUES (11, 'rhezoida', 'резойды');
INSERT INTO Parts (id_part, part_lat_name, part_name) VALUES (12, 'gomfus', 'гомф');
INSERT INTO Parts (id_part, part_lat_name, part_name) VALUES (13, 'squamulae', 'чешуйки');
INSERT INTO Parts (id_part, part_lat_name, part_name) VALUES (14, 'ramus', 'ветвь');
INSERT INTO Parts (id_part, part_lat_name, part_name) VALUES (15, 'paraphyses', 'парафизы');
INSERT INTO Parts (id_part, part_lat_name, part_name) VALUES (16, 'asci', 'сумки');
INSERT INTO Parts (id_part, part_lat_name, part_name) VALUES (17, 'sporae', 'споры');
INSERT INTO Parts (id_part, part_lat_name, part_name) VALUES (18, 'pycnoconidia', 'пикноконидии');
INSERT INTO Parts (id_part, part_lat_name, part_name) VALUES (19, 'pycnidia', 'пикнидии');
INSERT INTO Parts (id_part, part_lat_name, part_name) VALUES (20, 'podetia', 'подеции');
INSERT INTO Parts (id_part, part_lat_name, part_name) VALUES (21, 'photobiont', 'фотобионт');
INSERT INTO Parts (id_part, part_lat_name, part_name) VALUES (22, 'thallus', 'слоевище');
INSERT INTO Parts (id_part, part_lat_name, part_name) VALUES (23, 'medulla', 'сердцевина');

-- Таблица: PartsColor
DROP TABLE IF EXISTS PartsColor;
CREATE TABLE PartsColor (id_part_color INTEGER PRIMARY KEY, id_taxon INTEGER REFERENCES Taxon, id_part INTEGER REFERENCES LichenParts (id_part), id_color INTEGER REFERENCES Colors (id_color));

-- Таблица: PartsSize
DROP TABLE IF EXISTS PartsSize;
CREATE TABLE PartsSize (id_lichen_part_size PRIMARY KEY, id_taxon INTEGER REFERENCES Taxon, id_part INTEGER REFERENCES LichenParts (id_part), id_metering INTEGER REFERENCES Metering (id_metering), size DOUBLE);

-- Таблица: Places
DROP TABLE IF EXISTS Places;
CREATE TABLE Places (id_region INTEGER PRIMARY KEY, place_name);

-- Таблица: PlacesOfLive
DROP TABLE IF EXISTS PlacesOfLive;
CREATE TABLE PlacesOfLive (id_place_of_live INTEGER PRIMARY KEY, id_taxon INTEGER REFERENCES Taxon, id_region INTEGER REFERENCES Places (id_region));

-- Таблица: Substrate
DROP TABLE IF EXISTS Substrate;
CREATE TABLE Substrate (id_substrate INTEGER PRIMARY KEY, substrate_name TEXT);
INSERT INTO Substrate (id_substrate, substrate_name) VALUES (1, 'кора живых деревьев');
INSERT INTO Substrate (id_substrate, substrate_name) VALUES (2, 'кора хвойных деревьев');
INSERT INTO Substrate (id_substrate, substrate_name) VALUES (3, 'кора лиственных деревьев');
INSERT INTO Substrate (id_substrate, substrate_name) VALUES (4, 'валежник');
INSERT INTO Substrate (id_substrate, substrate_name) VALUES (5, 'обработаная древисина');
INSERT INTO Substrate (id_substrate, substrate_name) VALUES (6, 'пни');
INSERT INTO Substrate (id_substrate, substrate_name) VALUES (7, 'с неопавше корой');
INSERT INTO Substrate (id_substrate, substrate_name) VALUES (8, 'с опавшей корой');
INSERT INTO Substrate (id_substrate, substrate_name) VALUES (9, 'обгорелые');
INSERT INTO Substrate (id_substrate, substrate_name) VALUES (10, 'гниющие');
INSERT INTO Substrate (id_substrate, substrate_name) VALUES (11, 'почва');
INSERT INTO Substrate (id_substrate, substrate_name) VALUES (12, 'песчаная почва');
INSERT INTO Substrate (id_substrate, substrate_name) VALUES (13, 'гумусная почва');
INSERT INTO Substrate (id_substrate, substrate_name) VALUES (14, 'порфянистая почва');
INSERT INTO Substrate (id_substrate, substrate_name) VALUES (15, 'почва на камнях');
INSERT INTO Substrate (id_substrate, substrate_name) VALUES (16, 'древесина');
INSERT INTO Substrate (id_substrate, substrate_name) VALUES (17, 'камни');
INSERT INTO Substrate (id_substrate, substrate_name) VALUES (18, 'силикатная порода камней');
INSERT INTO Substrate (id_substrate, substrate_name) VALUES (19, 'извесняк');
INSERT INTO Substrate (id_substrate, substrate_name) VALUES (20, 'освещённые камни');
INSERT INTO Substrate (id_substrate, substrate_name) VALUES (21, 'затенённые камни');
INSERT INTO Substrate (id_substrate, substrate_name) VALUES (22, 'вертикальные поверхности камней');
INSERT INTO Substrate (id_substrate, substrate_name) VALUES (23, 'горизонтальные поверхности камней');
INSERT INTO Substrate (id_substrate, substrate_name) VALUES (24, 'в тени');
INSERT INTO Substrate (id_substrate, substrate_name) VALUES (25, 'на свету');
INSERT INTO Substrate (id_substrate, substrate_name) VALUES (26, 'на замшелом камне');
INSERT INTO Substrate (id_substrate, substrate_name) VALUES (27, 'на водной границе');
INSERT INTO Substrate (id_substrate, substrate_name) VALUES (28, 'заливаемый водами');

-- Таблица: SubstrateOfTaxon
DROP TABLE IF EXISTS SubstrateOfTaxon;
CREATE TABLE SubstrateOfTaxon (id_substrate_of_taxon INTEGER PRIMARY KEY, id_substrate INTEGER REFERENCES Substrate (id_substrate), id_taxon INTEGER REFERENCES Taxon (id_taxon));

-- Таблица: Taxon
DROP TABLE IF EXISTS Taxon;
CREATE TABLE Taxon (id_taxon INTEGER PRIMARY KEY, id_level INTEGER REFERENCES TaxonLevel (id_level), id_main_taxon INTEGER REFERENCES Taxon (id_taxon), taxon_lat_name TEXT, author TEXT, year INTEGER, taxon_local_name TEXT);
INSERT INTO Taxon (id_taxon, id_level, id_main_taxon, taxon_lat_name, author, year, taxon_local_name) VALUES (1, 1, NULL, 'Fungi', NULL, NULL, 'Грибы');
INSERT INTO Taxon (id_taxon, id_level, id_main_taxon, taxon_lat_name, author, year, taxon_local_name) VALUES (2, 2, 1, 'Aphelidiomyceta', NULL, NULL, 'Афелидиомицета');
INSERT INTO Taxon (id_taxon, id_level, id_main_taxon, taxon_lat_name, author, year, taxon_local_name) VALUES (3, 2, 1, 'Chytridiomyceta', NULL, NULL, 'Хитридиомицета');
INSERT INTO Taxon (id_taxon, id_level, id_main_taxon, taxon_lat_name, author, year, taxon_local_name) VALUES (4, 2, 1, 'Zoopagomyceta', NULL, NULL, 'Зоопагомицета');
INSERT INTO Taxon (id_taxon, id_level, id_main_taxon, taxon_lat_name, author, year, taxon_local_name) VALUES (5, 2, 1, 'Mucoromyceta', NULL, NULL, 'Микоромицета');
INSERT INTO Taxon (id_taxon, id_level, id_main_taxon, taxon_lat_name, author, year, taxon_local_name) VALUES (6, 2, 1, 'Dikarya', NULL, NULL, 'Высшие грибы');
INSERT INTO Taxon (id_taxon, id_level, id_main_taxon, taxon_lat_name, author, year, taxon_local_name) VALUES (7, 3, 1, 'Rozellomycota', NULL, NULL, 'Криптомицеты');
INSERT INTO Taxon (id_taxon, id_level, id_main_taxon, taxon_lat_name, author, year, taxon_local_name) VALUES (8, 3, 1, 'Microsporidiomycota', NULL, NULL, 'Микроспоридии');
INSERT INTO Taxon (id_taxon, id_level, id_main_taxon, taxon_lat_name, author, year, taxon_local_name) VALUES (9, 3, 2, 'Aphelidiomycota', NULL, NULL, 'Афелидиомикота');
INSERT INTO Taxon (id_taxon, id_level, id_main_taxon, taxon_lat_name, author, year, taxon_local_name) VALUES (10, 3, 6, 'Ascomycota', NULL, NULL, 'Cумчатые грибы');
INSERT INTO Taxon (id_taxon, id_level, id_main_taxon, taxon_lat_name, author, year, taxon_local_name) VALUES (11, 4, 10, 'Pezizomycotina', NULL, NULL, 'Пезизомикотина');
INSERT INTO Taxon (id_taxon, id_level, id_main_taxon, taxon_lat_name, author, year, taxon_local_name) VALUES (12, 5, 11, 'Lecanoromycetes', NULL, NULL, 'Леканоромицеты');
INSERT INTO Taxon (id_taxon, id_level, id_main_taxon, taxon_lat_name, author, year, taxon_local_name) VALUES (13, 6, 12, 'Lecanoromycetidae', NULL, NULL, 'Леканоромицетовые');
INSERT INTO Taxon (id_taxon, id_level, id_main_taxon, taxon_lat_name, author, year, taxon_local_name) VALUES (14, 7, 13, 'Lecanorales', NULL, NULL, 'Леканоровые');
INSERT INTO Taxon (id_taxon, id_level, id_main_taxon, taxon_lat_name, author, year, taxon_local_name) VALUES (15, 9, 14, 'Cladoniaceae', NULL, NULL, 'Кладониевые');
INSERT INTO Taxon (id_taxon, id_level, id_main_taxon, taxon_lat_name, author, year, taxon_local_name) VALUES (16, 13, 15, 'Cladonia', NULL, NULL, 'Кладония');
INSERT INTO Taxon (id_taxon, id_level, id_main_taxon, taxon_lat_name, author, year, taxon_local_name) VALUES (17, 19, 16, 'Cladonia rangiferina', NULL, NULL, 'Кладония оленья');
INSERT INTO Taxon (id_taxon, id_level, id_main_taxon, taxon_lat_name, author, year, taxon_local_name) VALUES (18, 19, 16, 'Cladonia stellaris', NULL, NULL, 'Кладония звездчатая');
INSERT INTO Taxon (id_taxon, id_level, id_main_taxon, taxon_lat_name, author, year, taxon_local_name) VALUES (19, 19, 16, 'Cladonia acuminata', NULL, NULL, NULL);
INSERT INTO Taxon (id_taxon, id_level, id_main_taxon, taxon_lat_name, author, year, taxon_local_name) VALUES (20, 19, 16, 'Cladonia alaskana', NULL, NULL, NULL);
INSERT INTO Taxon (id_taxon, id_level, id_main_taxon, taxon_lat_name, author, year, taxon_local_name) VALUES (21, 19, 16, 'Cladonia alinii', NULL, NULL, NULL);
INSERT INTO Taxon (id_taxon, id_level, id_main_taxon, taxon_lat_name, author, year, taxon_local_name) VALUES (22, 19, 16, 'Cladonia alpina', NULL, NULL, NULL);
INSERT INTO Taxon (id_taxon, id_level, id_main_taxon, taxon_lat_name, author, year, taxon_local_name) VALUES (23, 19, 16, 'Cladonia amaurocraea', NULL, NULL, NULL);
INSERT INTO Taxon (id_taxon, id_level, id_main_taxon, taxon_lat_name, author, year, taxon_local_name) VALUES (24, 19, 16, 'Cladonia arbuscula', NULL, NULL, NULL);
INSERT INTO Taxon (id_taxon, id_level, id_main_taxon, taxon_lat_name, author, year, taxon_local_name) VALUES (25, 19, 16, 'Cladonia asahinae', NULL, NULL, NULL);
INSERT INTO Taxon (id_taxon, id_level, id_main_taxon, taxon_lat_name, author, year, taxon_local_name) VALUES (26, 19, 16, 'Cladonia bacilliformis', NULL, NULL, NULL);
INSERT INTO Taxon (id_taxon, id_level, id_main_taxon, taxon_lat_name, author, year, taxon_local_name) VALUES (27, 19, 16, 'Cladonia balfourii', NULL, NULL, NULL);
INSERT INTO Taxon (id_taxon, id_level, id_main_taxon, taxon_lat_name, author, year, taxon_local_name) VALUES (28, 19, 16, 'Cladonia bellidiflora', NULL, NULL, NULL);
INSERT INTO Taxon (id_taxon, id_level, id_main_taxon, taxon_lat_name, author, year, taxon_local_name) VALUES (29, 19, 16, 'Cladonia borealis', NULL, NULL, NULL);
INSERT INTO Taxon (id_taxon, id_level, id_main_taxon, taxon_lat_name, author, year, taxon_local_name) VALUES (30, 19, 16, 'Cladonia boryi', NULL, NULL, NULL);
INSERT INTO Taxon (id_taxon, id_level, id_main_taxon, taxon_lat_name, author, year, taxon_local_name) VALUES (31, 19, 16, 'Cladonia botrytes', NULL, NULL, NULL);
INSERT INTO Taxon (id_taxon, id_level, id_main_taxon, taxon_lat_name, author, year, taxon_local_name) VALUES (32, 19, 16, 'Cladonia brevis', NULL, NULL, NULL);
INSERT INTO Taxon (id_taxon, id_level, id_main_taxon, taxon_lat_name, author, year, taxon_local_name) VALUES (33, 19, 16, 'Cladonia caespiticia', NULL, NULL, NULL);
INSERT INTO Taxon (id_taxon, id_level, id_main_taxon, taxon_lat_name, author, year, taxon_local_name) VALUES (34, 19, 16, 'Cladonia carassensis', NULL, NULL, NULL);
INSERT INTO Taxon (id_taxon, id_level, id_main_taxon, taxon_lat_name, author, year, taxon_local_name) VALUES (35, 19, 16, 'Cladonia cariosa', NULL, NULL, NULL);
INSERT INTO Taxon (id_taxon, id_level, id_main_taxon, taxon_lat_name, author, year, taxon_local_name) VALUES (36, 19, 16, 'Cladonia carneola', NULL, NULL, NULL);
INSERT INTO Taxon (id_taxon, id_level, id_main_taxon, taxon_lat_name, author, year, taxon_local_name) VALUES (37, 19, 16, 'Cladonia cenotea', NULL, NULL, NULL);
INSERT INTO Taxon (id_taxon, id_level, id_main_taxon, taxon_lat_name, author, year, taxon_local_name) VALUES (38, 19, 16, 'Cladonia cervicornis', NULL, NULL, NULL);
INSERT INTO Taxon (id_taxon, id_level, id_main_taxon, taxon_lat_name, author, year, taxon_local_name) VALUES (39, 19, 16, 'Cladonia chlorophaea', NULL, NULL, NULL);
INSERT INTO Taxon (id_taxon, id_level, id_main_taxon, taxon_lat_name, author, year, taxon_local_name) VALUES (40, 19, 16, 'Cladonia ciliata', NULL, NULL, NULL);
INSERT INTO Taxon (id_taxon, id_level, id_main_taxon, taxon_lat_name, author, year, taxon_local_name) VALUES (41, 19, 16, 'Cladonia cineracea', NULL, NULL, NULL);
INSERT INTO Taxon (id_taxon, id_level, id_main_taxon, taxon_lat_name, author, year, taxon_local_name) VALUES (42, 19, 16, 'Cladonia coccifera', NULL, NULL, NULL);
INSERT INTO Taxon (id_taxon, id_level, id_main_taxon, taxon_lat_name, author, year, taxon_local_name) VALUES (43, 19, 16, 'Cladonia coniocraea', NULL, NULL, NULL);
INSERT INTO Taxon (id_taxon, id_level, id_main_taxon, taxon_lat_name, author, year, taxon_local_name) VALUES (44, 19, 16, 'Cladonia conista', NULL, NULL, NULL);
INSERT INTO Taxon (id_taxon, id_level, id_main_taxon, taxon_lat_name, author, year, taxon_local_name) VALUES (45, 19, 16, 'Cladonia convoluta', NULL, NULL, NULL);
INSERT INTO Taxon (id_taxon, id_level, id_main_taxon, taxon_lat_name, author, year, taxon_local_name) VALUES (46, 19, 16, 'Cladonia cornuta', NULL, NULL, NULL);
INSERT INTO Taxon (id_taxon, id_level, id_main_taxon, taxon_lat_name, author, year, taxon_local_name) VALUES (47, 19, 16, 'Cladonia crispata', NULL, NULL, NULL);
INSERT INTO Taxon (id_taxon, id_level, id_main_taxon, taxon_lat_name, author, year, taxon_local_name) VALUES (48, 19, 16, 'Cladonia cryptochlorophaea', NULL, NULL, NULL);
INSERT INTO Taxon (id_taxon, id_level, id_main_taxon, taxon_lat_name, author, year, taxon_local_name) VALUES (49, 19, 16, 'Cladonia cyanipes', NULL, NULL, NULL);
INSERT INTO Taxon (id_taxon, id_level, id_main_taxon, taxon_lat_name, author, year, taxon_local_name) VALUES (50, 19, 16, 'Cladonia dahliana', NULL, NULL, NULL);
INSERT INTO Taxon (id_taxon, id_level, id_main_taxon, taxon_lat_name, author, year, taxon_local_name) VALUES (51, 19, 16, 'Cladonia decorticata', NULL, NULL, NULL);
INSERT INTO Taxon (id_taxon, id_level, id_main_taxon, taxon_lat_name, author, year, taxon_local_name) VALUES (52, 19, 16, 'Cladonia deformis', NULL, NULL, NULL);
INSERT INTO Taxon (id_taxon, id_level, id_main_taxon, taxon_lat_name, author, year, taxon_local_name) VALUES (53, 19, 16, 'Cladonia digitata', NULL, NULL, NULL);
INSERT INTO Taxon (id_taxon, id_level, id_main_taxon, taxon_lat_name, author, year, taxon_local_name) VALUES (54, 19, 16, 'Cladonia diversa', NULL, NULL, NULL);
INSERT INTO Taxon (id_taxon, id_level, id_main_taxon, taxon_lat_name, author, year, taxon_local_name) VALUES (55, 19, 16, 'Cladonia ecmocyna', NULL, NULL, NULL);
INSERT INTO Taxon (id_taxon, id_level, id_main_taxon, taxon_lat_name, author, year, taxon_local_name) VALUES (56, 19, 16, 'Cladonia farinacea', NULL, NULL, NULL);
INSERT INTO Taxon (id_taxon, id_level, id_main_taxon, taxon_lat_name, author, year, taxon_local_name) VALUES (57, 19, 16, 'Cladonia fimbriata', NULL, NULL, NULL);
INSERT INTO Taxon (id_taxon, id_level, id_main_taxon, taxon_lat_name, author, year, taxon_local_name) VALUES (58, 19, 16, 'Cladonia floerkeana', NULL, NULL, NULL);
INSERT INTO Taxon (id_taxon, id_level, id_main_taxon, taxon_lat_name, author, year, taxon_local_name) VALUES (59, 19, 16, 'Cladonia foliacea', NULL, NULL, NULL);
INSERT INTO Taxon (id_taxon, id_level, id_main_taxon, taxon_lat_name, author, year, taxon_local_name) VALUES (60, 19, 16, 'Cladonia furcata', NULL, NULL, NULL);
INSERT INTO Taxon (id_taxon, id_level, id_main_taxon, taxon_lat_name, author, year, taxon_local_name) VALUES (61, 19, 16, 'Cladonia glauca', NULL, NULL, NULL);
INSERT INTO Taxon (id_taxon, id_level, id_main_taxon, taxon_lat_name, author, year, taxon_local_name) VALUES (62, 19, 16, 'Cladonia graciliformis', NULL, NULL, NULL);
INSERT INTO Taxon (id_taxon, id_level, id_main_taxon, taxon_lat_name, author, year, taxon_local_name) VALUES (63, 19, 16, 'Cladonia gracilis', NULL, NULL, NULL);
INSERT INTO Taxon (id_taxon, id_level, id_main_taxon, taxon_lat_name, author, year, taxon_local_name) VALUES (64, 19, 16, 'Cladonia granulans', NULL, NULL, NULL);
INSERT INTO Taxon (id_taxon, id_level, id_main_taxon, taxon_lat_name, author, year, taxon_local_name) VALUES (65, 19, 16, 'Cladonia grayi', NULL, NULL, NULL);
INSERT INTO Taxon (id_taxon, id_level, id_main_taxon, taxon_lat_name, author, year, taxon_local_name) VALUES (66, 19, 16, 'Cladonia grisea', NULL, NULL, NULL);
INSERT INTO Taxon (id_taxon, id_level, id_main_taxon, taxon_lat_name, author, year, taxon_local_name) VALUES (67, 19, 16, 'Cladonia hokkaidensis', NULL, NULL, NULL);
INSERT INTO Taxon (id_taxon, id_level, id_main_taxon, taxon_lat_name, author, year, taxon_local_name) VALUES (68, 19, 16, 'Cladonia homosekikaica', NULL, NULL, NULL);
INSERT INTO Taxon (id_taxon, id_level, id_main_taxon, taxon_lat_name, author, year, taxon_local_name) VALUES (69, 19, 16, 'Cladonia humilis', NULL, NULL, NULL);
INSERT INTO Taxon (id_taxon, id_level, id_main_taxon, taxon_lat_name, author, year, taxon_local_name) VALUES (70, 19, 16, 'Cladonia imbricarica', NULL, NULL, NULL);
INSERT INTO Taxon (id_taxon, id_level, id_main_taxon, taxon_lat_name, author, year, taxon_local_name) VALUES (71, 19, 16, 'Cladonia incrassata', NULL, NULL, NULL);
INSERT INTO Taxon (id_taxon, id_level, id_main_taxon, taxon_lat_name, author, year, taxon_local_name) VALUES (72, 19, 16, 'Cladonia jacutica', NULL, NULL, NULL);
INSERT INTO Taxon (id_taxon, id_level, id_main_taxon, taxon_lat_name, author, year, taxon_local_name) VALUES (73, 19, 16, 'Cladonia kanewskii', NULL, NULL, NULL);
INSERT INTO Taxon (id_taxon, id_level, id_main_taxon, taxon_lat_name, author, year, taxon_local_name) VALUES (74, 19, 16, 'Cladonia libifera', NULL, NULL, NULL);
INSERT INTO Taxon (id_taxon, id_level, id_main_taxon, taxon_lat_name, author, year, taxon_local_name) VALUES (75, 19, 16, 'Cladonia luteoalba', NULL, NULL, NULL);
INSERT INTO Taxon (id_taxon, id_level, id_main_taxon, taxon_lat_name, author, year, taxon_local_name) VALUES (76, 19, 16, 'Cladonia macilenta', NULL, NULL, NULL);
INSERT INTO Taxon (id_taxon, id_level, id_main_taxon, taxon_lat_name, author, year, taxon_local_name) VALUES (77, 19, 16, 'Cladonia macroceras', NULL, NULL, NULL);
INSERT INTO Taxon (id_taxon, id_level, id_main_taxon, taxon_lat_name, author, year, taxon_local_name) VALUES (78, 19, 16, 'Cladonia macrophylla', NULL, NULL, NULL);
INSERT INTO Taxon (id_taxon, id_level, id_main_taxon, taxon_lat_name, author, year, taxon_local_name) VALUES (79, 19, 16, 'Cladonia macrophyllodes', NULL, NULL, NULL);
INSERT INTO Taxon (id_taxon, id_level, id_main_taxon, taxon_lat_name, author, year, taxon_local_name) VALUES (80, 19, 16, 'Cladonia magyarica', NULL, NULL, NULL);
INSERT INTO Taxon (id_taxon, id_level, id_main_taxon, taxon_lat_name, author, year, taxon_local_name) VALUES (81, 19, 16, 'Cladonia maxima', NULL, NULL, NULL);
INSERT INTO Taxon (id_taxon, id_level, id_main_taxon, taxon_lat_name, author, year, taxon_local_name) VALUES (82, 19, 16, 'Cladonia merochlorophaea', NULL, NULL, NULL);
INSERT INTO Taxon (id_taxon, id_level, id_main_taxon, taxon_lat_name, author, year, taxon_local_name) VALUES (83, 19, 16, 'Cladonia metacorallifera', NULL, NULL, NULL);
INSERT INTO Taxon (id_taxon, id_level, id_main_taxon, taxon_lat_name, author, year, taxon_local_name) VALUES (84, 19, 16, 'Cladonia mongolica', NULL, NULL, NULL);
INSERT INTO Taxon (id_taxon, id_level, id_main_taxon, taxon_lat_name, author, year, taxon_local_name) VALUES (85, 19, 16, 'Cladonia monomorpha', NULL, NULL, NULL);
INSERT INTO Taxon (id_taxon, id_level, id_main_taxon, taxon_lat_name, author, year, taxon_local_name) VALUES (86, 19, 16, 'Cladonia multiformis', NULL, NULL, NULL);
INSERT INTO Taxon (id_taxon, id_level, id_main_taxon, taxon_lat_name, author, year, taxon_local_name) VALUES (87, 19, 16, 'Cladonia nipponica', NULL, NULL, NULL);
INSERT INTO Taxon (id_taxon, id_level, id_main_taxon, taxon_lat_name, author, year, taxon_local_name) VALUES (88, 19, 16, 'Cladonia nitens', NULL, NULL, NULL);
INSERT INTO Taxon (id_taxon, id_level, id_main_taxon, taxon_lat_name, author, year, taxon_local_name) VALUES (89, 19, 16, 'Cladonia norvegica', NULL, NULL, NULL);
INSERT INTO Taxon (id_taxon, id_level, id_main_taxon, taxon_lat_name, author, year, taxon_local_name) VALUES (90, 19, 16, 'Cladonia novochlorophaea', NULL, NULL, NULL);
INSERT INTO Taxon (id_taxon, id_level, id_main_taxon, taxon_lat_name, author, year, taxon_local_name) VALUES (91, 19, 16, 'Cladonia ochrochlora', NULL, NULL, NULL);
INSERT INTO Taxon (id_taxon, id_level, id_main_taxon, taxon_lat_name, author, year, taxon_local_name) VALUES (92, 19, 16, 'Cladonia parasitica', NULL, NULL, NULL);
INSERT INTO Taxon (id_taxon, id_level, id_main_taxon, taxon_lat_name, author, year, taxon_local_name) VALUES (93, 19, 16, 'Cladonia peziziformis', NULL, NULL, NULL);
INSERT INTO Taxon (id_taxon, id_level, id_main_taxon, taxon_lat_name, author, year, taxon_local_name) VALUES (94, 19, 16, 'Cladonia phyllophora', NULL, NULL, NULL);
INSERT INTO Taxon (id_taxon, id_level, id_main_taxon, taxon_lat_name, author, year, taxon_local_name) VALUES (95, 19, 16, 'Cladonia pleurota', NULL, NULL, NULL);
INSERT INTO Taxon (id_taxon, id_level, id_main_taxon, taxon_lat_name, author, year, taxon_local_name) VALUES (96, 19, 16, 'Cladonia pocillum', NULL, NULL, NULL);
INSERT INTO Taxon (id_taxon, id_level, id_main_taxon, taxon_lat_name, author, year, taxon_local_name) VALUES (97, 19, 16, 'Cladonia polycarpoides', NULL, NULL, NULL);
INSERT INTO Taxon (id_taxon, id_level, id_main_taxon, taxon_lat_name, author, year, taxon_local_name) VALUES (98, 19, 16, 'Cladonia polydactyla', NULL, NULL, NULL);
INSERT INTO Taxon (id_taxon, id_level, id_main_taxon, taxon_lat_name, author, year, taxon_local_name) VALUES (99, 19, 16, 'Cladonia portentosa', NULL, NULL, NULL);
INSERT INTO Taxon (id_taxon, id_level, id_main_taxon, taxon_lat_name, author, year, taxon_local_name) VALUES (100, 19, 16, 'Cladonia pseudalcicornis', NULL, NULL, NULL);
INSERT INTO Taxon (id_taxon, id_level, id_main_taxon, taxon_lat_name, author, year, taxon_local_name) VALUES (101, 19, 16, 'Cladonia pseudoevansii', NULL, NULL, NULL);
INSERT INTO Taxon (id_taxon, id_level, id_main_taxon, taxon_lat_name, author, year, taxon_local_name) VALUES (102, 19, 16, 'Cladonia pyxidata', NULL, NULL, NULL);
INSERT INTO Taxon (id_taxon, id_level, id_main_taxon, taxon_lat_name, author, year, taxon_local_name) VALUES (103, 19, 16, 'Cladonia ramulosa', NULL, NULL, NULL);
INSERT INTO Taxon (id_taxon, id_level, id_main_taxon, taxon_lat_name, author, year, taxon_local_name) VALUES (104, 19, 16, 'Cladonia rangiformis', NULL, NULL, NULL);
INSERT INTO Taxon (id_taxon, id_level, id_main_taxon, taxon_lat_name, author, year, taxon_local_name) VALUES (105, 19, 16, 'Cladonia rei', NULL, NULL, NULL);
INSERT INTO Taxon (id_taxon, id_level, id_main_taxon, taxon_lat_name, author, year, taxon_local_name) VALUES (106, 19, 16, 'Cladonia scabriuscula', NULL, NULL, NULL);
INSERT INTO Taxon (id_taxon, id_level, id_main_taxon, taxon_lat_name, author, year, taxon_local_name) VALUES (107, 19, 16, 'Cladonia squamosa', NULL, NULL, NULL);
INSERT INTO Taxon (id_taxon, id_level, id_main_taxon, taxon_lat_name, author, year, taxon_local_name) VALUES (108, 19, 16, 'Cladonia strepsilis', NULL, NULL, NULL);
INSERT INTO Taxon (id_taxon, id_level, id_main_taxon, taxon_lat_name, author, year, taxon_local_name) VALUES (109, 19, 16, 'Cladonia stricta', NULL, NULL, NULL);
INSERT INTO Taxon (id_taxon, id_level, id_main_taxon, taxon_lat_name, author, year, taxon_local_name) VALUES (110, 19, 16, 'Cladonia stygia', NULL, NULL, NULL);
INSERT INTO Taxon (id_taxon, id_level, id_main_taxon, taxon_lat_name, author, year, taxon_local_name) VALUES (111, 19, 16, 'Cladonia subcariosa', NULL, NULL, NULL);
INSERT INTO Taxon (id_taxon, id_level, id_main_taxon, taxon_lat_name, author, year, taxon_local_name) VALUES (112, 19, 16, 'Cladonia subcervicornis', NULL, NULL, NULL);
INSERT INTO Taxon (id_taxon, id_level, id_main_taxon, taxon_lat_name, author, year, taxon_local_name) VALUES (113, 19, 16, 'Cladonia subconistea', NULL, NULL, NULL);
INSERT INTO Taxon (id_taxon, id_level, id_main_taxon, taxon_lat_name, author, year, taxon_local_name) VALUES (114, 19, 16, 'Cladonia subfurcata', NULL, NULL, NULL);
INSERT INTO Taxon (id_taxon, id_level, id_main_taxon, taxon_lat_name, author, year, taxon_local_name) VALUES (115, 19, 16, 'Cladonia submitis', NULL, NULL, NULL);
INSERT INTO Taxon (id_taxon, id_level, id_main_taxon, taxon_lat_name, author, year, taxon_local_name) VALUES (116, 19, 16, 'Cladonia subrangiformis', NULL, NULL, NULL);
INSERT INTO Taxon (id_taxon, id_level, id_main_taxon, taxon_lat_name, author, year, taxon_local_name) VALUES (117, 19, 16, 'Cladonia subulata', NULL, NULL, NULL);
INSERT INTO Taxon (id_taxon, id_level, id_main_taxon, taxon_lat_name, author, year, taxon_local_name) VALUES (118, 19, 16, 'Cladonia sulphurina', NULL, NULL, NULL);
INSERT INTO Taxon (id_taxon, id_level, id_main_taxon, taxon_lat_name, author, year, taxon_local_name) VALUES (119, 19, 16, 'Cladonia symphycarpa', NULL, NULL, NULL);
INSERT INTO Taxon (id_taxon, id_level, id_main_taxon, taxon_lat_name, author, year, taxon_local_name) VALUES (120, 19, 16, 'Cladonia tenuiformis', NULL, NULL, NULL);
INSERT INTO Taxon (id_taxon, id_level, id_main_taxon, taxon_lat_name, author, year, taxon_local_name) VALUES (121, 19, 16, 'Cladonia thomsonii', NULL, NULL, NULL);
INSERT INTO Taxon (id_taxon, id_level, id_main_taxon, taxon_lat_name, author, year, taxon_local_name) VALUES (122, 19, 16, 'Cladonia transcendens', NULL, NULL, NULL);
INSERT INTO Taxon (id_taxon, id_level, id_main_taxon, taxon_lat_name, author, year, taxon_local_name) VALUES (123, 19, 16, 'Cladonia trassii', NULL, NULL, NULL);
INSERT INTO Taxon (id_taxon, id_level, id_main_taxon, taxon_lat_name, author, year, taxon_local_name) VALUES (124, 19, 16, 'Cladonia turgida', NULL, NULL, NULL);
INSERT INTO Taxon (id_taxon, id_level, id_main_taxon, taxon_lat_name, author, year, taxon_local_name) VALUES (125, 19, 16, 'Cladonia uliginosa', NULL, NULL, NULL);
INSERT INTO Taxon (id_taxon, id_level, id_main_taxon, taxon_lat_name, author, year, taxon_local_name) VALUES (126, 19, 16, 'Cladonia uncialis', NULL, NULL, NULL);
INSERT INTO Taxon (id_taxon, id_level, id_main_taxon, taxon_lat_name, author, year, taxon_local_name) VALUES (127, 19, 16, 'Cladonia verticillata', NULL, NULL, NULL);
INSERT INTO Taxon (id_taxon, id_level, id_main_taxon, taxon_lat_name, author, year, taxon_local_name) VALUES (128, 19, 16, 'Cladonia vulcani', NULL, NULL, NULL);
INSERT INTO Taxon (id_taxon, id_level, id_main_taxon, taxon_lat_name, author, year, taxon_local_name) VALUES (129, 19, 16, 'Cladonia wainioi', NULL, NULL, NULL);
INSERT INTO Taxon (id_taxon, id_level, id_main_taxon, taxon_lat_name, author, year, taxon_local_name) VALUES (130, 19, 16, 'Cladonia zopfii', NULL, NULL, NULL);
INSERT INTO Taxon (id_taxon, id_level, id_main_taxon, taxon_lat_name, author, year, taxon_local_name) VALUES (131, 13, 15, 'Calathaspis', NULL, NULL, 'Калатаспис');
INSERT INTO Taxon (id_taxon, id_level, id_main_taxon, taxon_lat_name, author, year, taxon_local_name) VALUES (132, 19, 131, 'Calathaspis devexa', NULL, NULL, NULL);
INSERT INTO Taxon (id_taxon, id_level, id_main_taxon, taxon_lat_name, author, year, taxon_local_name) VALUES (133, 13, 15, 'Carassea', NULL, NULL, 'Карасси');
INSERT INTO Taxon (id_taxon, id_level, id_main_taxon, taxon_lat_name, author, year, taxon_local_name) VALUES (134, 19, 133, 'Carassea connexa', NULL, NULL, NULL);
INSERT INTO Taxon (id_taxon, id_level, id_main_taxon, taxon_lat_name, author, year, taxon_local_name) VALUES (135, 13, 15, 'Cetradonia', NULL, NULL, NULL);
INSERT INTO Taxon (id_taxon, id_level, id_main_taxon, taxon_lat_name, author, year, taxon_local_name) VALUES (136, 19, 135, 'Cetradonia linearis', NULL, NULL, NULL);
INSERT INTO Taxon (id_taxon, id_level, id_main_taxon, taxon_lat_name, author, year, taxon_local_name) VALUES (137, 13, 15, 'Cladia', NULL, NULL, NULL);
INSERT INTO Taxon (id_taxon, id_level, id_main_taxon, taxon_lat_name, author, year, taxon_local_name) VALUES (138, 13, 15, 'Metus', NULL, NULL, NULL);
INSERT INTO Taxon (id_taxon, id_level, id_main_taxon, taxon_lat_name, author, year, taxon_local_name) VALUES (139, 13, 15, 'Muhria', NULL, NULL, NULL);
INSERT INTO Taxon (id_taxon, id_level, id_main_taxon, taxon_lat_name, author, year, taxon_local_name) VALUES (140, 13, 15, 'Notocladonia', NULL, NULL, NULL);
INSERT INTO Taxon (id_taxon, id_level, id_main_taxon, taxon_lat_name, author, year, taxon_local_name) VALUES (141, 13, 15, 'Paralecia', NULL, NULL, NULL);
INSERT INTO Taxon (id_taxon, id_level, id_main_taxon, taxon_lat_name, author, year, taxon_local_name) VALUES (142, 13, 15, 'Pilophorus', NULL, NULL, NULL);
INSERT INTO Taxon (id_taxon, id_level, id_main_taxon, taxon_lat_name, author, year, taxon_local_name) VALUES (143, 13, 15, 'Pulchrocladia', NULL, NULL, NULL);
INSERT INTO Taxon (id_taxon, id_level, id_main_taxon, taxon_lat_name, author, year, taxon_local_name) VALUES (144, 13, 15, 'Pycnothelia', NULL, NULL, NULL);
INSERT INTO Taxon (id_taxon, id_level, id_main_taxon, taxon_lat_name, author, year, taxon_local_name) VALUES (145, 13, 15, 'Rexiella', NULL, NULL, NULL);
INSERT INTO Taxon (id_taxon, id_level, id_main_taxon, taxon_lat_name, author, year, taxon_local_name) VALUES (146, 13, 15, 'Sphaerophoropsis', NULL, NULL, NULL);
INSERT INTO Taxon (id_taxon, id_level, id_main_taxon, taxon_lat_name, author, year, taxon_local_name) VALUES (147, 13, 15, 'Squamella', NULL, NULL, NULL);
INSERT INTO Taxon (id_taxon, id_level, id_main_taxon, taxon_lat_name, author, year, taxon_local_name) VALUES (148, 13, 15, 'Thysanothecium', NULL, NULL, NULL);
INSERT INTO Taxon (id_taxon, id_level, id_main_taxon, taxon_lat_name, author, year, taxon_local_name) VALUES (149, 19, 138, 'Metus conglomeratus', NULL, NULL, NULL);
INSERT INTO Taxon (id_taxon, id_level, id_main_taxon, taxon_lat_name, author, year, taxon_local_name) VALUES (150, 19, 138, 'Metus efflorescens', NULL, NULL, NULL);
INSERT INTO Taxon (id_taxon, id_level, id_main_taxon, taxon_lat_name, author, year, taxon_local_name) VALUES (151, 19, 138, 'Metus pileatus', NULL, NULL, NULL);
INSERT INTO Taxon (id_taxon, id_level, id_main_taxon, taxon_lat_name, author, year, taxon_local_name) VALUES (152, 19, 139, 'Muhria urceolata', NULL, NULL, NULL);
INSERT INTO Taxon (id_taxon, id_level, id_main_taxon, taxon_lat_name, author, year, taxon_local_name) VALUES (153, 19, 140, 'Notocladonia cochleata', NULL, NULL, NULL);
INSERT INTO Taxon (id_taxon, id_level, id_main_taxon, taxon_lat_name, author, year, taxon_local_name) VALUES (154, 19, 140, 'Notocladonia undulata', NULL, NULL, NULL);
INSERT INTO Taxon (id_taxon, id_level, id_main_taxon, taxon_lat_name, author, year, taxon_local_name) VALUES (155, 19, 141, 'Paralecia pratorum', NULL, NULL, NULL);
INSERT INTO Taxon (id_taxon, id_level, id_main_taxon, taxon_lat_name, author, year, taxon_local_name) VALUES (156, 19, 142, 'Pilophorus acicularis', NULL, NULL, NULL);
INSERT INTO Taxon (id_taxon, id_level, id_main_taxon, taxon_lat_name, author, year, taxon_local_name) VALUES (157, 19, 142, 'Pilophorus awasthiana', NULL, NULL, NULL);
INSERT INTO Taxon (id_taxon, id_level, id_main_taxon, taxon_lat_name, author, year, taxon_local_name) VALUES (158, 19, 142, 'Pilophorus cariosus', NULL, NULL, NULL);
INSERT INTO Taxon (id_taxon, id_level, id_main_taxon, taxon_lat_name, author, year, taxon_local_name) VALUES (159, 19, 142, 'Pilophorus cereolus', NULL, NULL, NULL);
INSERT INTO Taxon (id_taxon, id_level, id_main_taxon, taxon_lat_name, author, year, taxon_local_name) VALUES (160, 19, 142, 'Pilophorus clavatus', NULL, NULL, NULL);
INSERT INTO Taxon (id_taxon, id_level, id_main_taxon, taxon_lat_name, author, year, taxon_local_name) VALUES (161, 19, 142, 'Pilophorus dovrensis', NULL, NULL, NULL);
INSERT INTO Taxon (id_taxon, id_level, id_main_taxon, taxon_lat_name, author, year, taxon_local_name) VALUES (162, 19, 142, 'Pilophorus fibula', NULL, NULL, NULL);
INSERT INTO Taxon (id_taxon, id_level, id_main_taxon, taxon_lat_name, author, year, taxon_local_name) VALUES (163, 19, 142, 'Pilophorus nigricaulis', NULL, NULL, NULL);
INSERT INTO Taxon (id_taxon, id_level, id_main_taxon, taxon_lat_name, author, year, taxon_local_name) VALUES (164, 19, 142, 'Pilophorus robustus', NULL, NULL, NULL);
INSERT INTO Taxon (id_taxon, id_level, id_main_taxon, taxon_lat_name, author, year, taxon_local_name) VALUES (165, 19, 142, 'Pilophorus vegae', NULL, NULL, NULL);
INSERT INTO Taxon (id_taxon, id_level, id_main_taxon, taxon_lat_name, author, year, taxon_local_name) VALUES (166, 19, 137, 'Cladia aggregata', NULL, NULL, NULL);
INSERT INTO Taxon (id_taxon, id_level, id_main_taxon, taxon_lat_name, author, year, taxon_local_name) VALUES (167, 19, 137, 'Cladia beaugleholei', NULL, NULL, NULL);
INSERT INTO Taxon (id_taxon, id_level, id_main_taxon, taxon_lat_name, author, year, taxon_local_name) VALUES (168, 19, 137, 'Cladia blanchonii', NULL, NULL, NULL);
INSERT INTO Taxon (id_taxon, id_level, id_main_taxon, taxon_lat_name, author, year, taxon_local_name) VALUES (169, 19, 137, 'Cladia cryptica', NULL, NULL, NULL);
INSERT INTO Taxon (id_taxon, id_level, id_main_taxon, taxon_lat_name, author, year, taxon_local_name) VALUES (170, 19, 137, 'Cladia deformis', NULL, NULL, NULL);
INSERT INTO Taxon (id_taxon, id_level, id_main_taxon, taxon_lat_name, author, year, taxon_local_name) VALUES (171, 19, 137, 'Cladia dumicola', NULL, NULL, NULL);
INSERT INTO Taxon (id_taxon, id_level, id_main_taxon, taxon_lat_name, author, year, taxon_local_name) VALUES (172, 19, 137, 'Cladia glaucolivida', NULL, NULL, NULL);
INSERT INTO Taxon (id_taxon, id_level, id_main_taxon, taxon_lat_name, author, year, taxon_local_name) VALUES (173, 19, 137, 'Cladia globosa', NULL, NULL, NULL);
INSERT INTO Taxon (id_taxon, id_level, id_main_taxon, taxon_lat_name, author, year, taxon_local_name) VALUES (174, 19, 137, 'Cladia gorgonea', NULL, NULL, NULL);
INSERT INTO Taxon (id_taxon, id_level, id_main_taxon, taxon_lat_name, author, year, taxon_local_name) VALUES (175, 19, 137, 'Cladia inflata', NULL, NULL, NULL);
INSERT INTO Taxon (id_taxon, id_level, id_main_taxon, taxon_lat_name, author, year, taxon_local_name) VALUES (176, 19, 137, 'Cladia moniliformis', NULL, NULL, NULL);
INSERT INTO Taxon (id_taxon, id_level, id_main_taxon, taxon_lat_name, author, year, taxon_local_name) VALUES (177, 19, 137, 'Cladia muelleri', NULL, NULL, NULL);
INSERT INTO Taxon (id_taxon, id_level, id_main_taxon, taxon_lat_name, author, year, taxon_local_name) VALUES (178, 19, 137, 'Cladia mutabilis', NULL, NULL, NULL);
INSERT INTO Taxon (id_taxon, id_level, id_main_taxon, taxon_lat_name, author, year, taxon_local_name) VALUES (179, 19, 137, 'Cladia neocaledonica', NULL, NULL, NULL);
INSERT INTO Taxon (id_taxon, id_level, id_main_taxon, taxon_lat_name, author, year, taxon_local_name) VALUES (180, 19, 137, 'Cladia occulta', NULL, NULL, NULL);
INSERT INTO Taxon (id_taxon, id_level, id_main_taxon, taxon_lat_name, author, year, taxon_local_name) VALUES (181, 19, 137, 'Cladia oreophila', NULL, NULL, NULL);
INSERT INTO Taxon (id_taxon, id_level, id_main_taxon, taxon_lat_name, author, year, taxon_local_name) VALUES (182, 19, 137, 'Cladia schizopora', NULL, NULL, NULL);
INSERT INTO Taxon (id_taxon, id_level, id_main_taxon, taxon_lat_name, author, year, taxon_local_name) VALUES (183, 19, 137, 'Cladia tasmanica', NULL, NULL, NULL);
INSERT INTO Taxon (id_taxon, id_level, id_main_taxon, taxon_lat_name, author, year, taxon_local_name) VALUES (184, 19, 137, 'Cladia terebrata', NULL, NULL, NULL);
INSERT INTO Taxon (id_taxon, id_level, id_main_taxon, taxon_lat_name, author, year, taxon_local_name) VALUES (185, 19, 137, 'Cladia xanthocarpa', NULL, NULL, NULL);
INSERT INTO Taxon (id_taxon, id_level, id_main_taxon, taxon_lat_name, author, year, taxon_local_name) VALUES (186, 19, 143, 'Pulchrocladia corallaizon', NULL, NULL, NULL);
INSERT INTO Taxon (id_taxon, id_level, id_main_taxon, taxon_lat_name, author, year, taxon_local_name) VALUES (187, 19, 143, 'Pulchrocladia ferdinandii', NULL, NULL, NULL);
INSERT INTO Taxon (id_taxon, id_level, id_main_taxon, taxon_lat_name, author, year, taxon_local_name) VALUES (188, 19, 143, 'Pulchrocladia retipora', NULL, NULL, NULL);
INSERT INTO Taxon (id_taxon, id_level, id_main_taxon, taxon_lat_name, author, year, taxon_local_name) VALUES (189, 19, 144, 'Pycnothelia caliginosa', NULL, NULL, NULL);
INSERT INTO Taxon (id_taxon, id_level, id_main_taxon, taxon_lat_name, author, year, taxon_local_name) VALUES (190, 19, 144, 'Pycnothelia mascarena', NULL, NULL, NULL);
INSERT INTO Taxon (id_taxon, id_level, id_main_taxon, taxon_lat_name, author, year, taxon_local_name) VALUES (191, 19, 144, 'Pycnothelia papillaria', NULL, NULL, NULL);
INSERT INTO Taxon (id_taxon, id_level, id_main_taxon, taxon_lat_name, author, year, taxon_local_name) VALUES (192, 19, 145, 'Rexiella sullivanii', NULL, NULL, NULL);
INSERT INTO Taxon (id_taxon, id_level, id_main_taxon, taxon_lat_name, author, year, taxon_local_name) VALUES (193, 19, 146, 'Sphaerophoropsis stereocauloides', NULL, NULL, NULL);
INSERT INTO Taxon (id_taxon, id_level, id_main_taxon, taxon_lat_name, author, year, taxon_local_name) VALUES (194, 19, 147, 'Squamella spumosa', NULL, NULL, NULL);
INSERT INTO Taxon (id_taxon, id_level, id_main_taxon, taxon_lat_name, author, year, taxon_local_name) VALUES (195, 19, 148, 'Thysanothecium hookeri', NULL, NULL, NULL);
INSERT INTO Taxon (id_taxon, id_level, id_main_taxon, taxon_lat_name, author, year, taxon_local_name) VALUES (196, 19, 148, 'Thysanothecium scutellatum', NULL, NULL, NULL);
INSERT INTO Taxon (id_taxon, id_level, id_main_taxon, taxon_lat_name, author, year, taxon_local_name) VALUES (197, 19, 148, 'Thysanothecium sorediatum', NULL, NULL, NULL);
INSERT INTO Taxon (id_taxon, id_level, id_main_taxon, taxon_lat_name, author, year, taxon_local_name) VALUES (198, 7, 13, 'Teloschistales', NULL, NULL, 'Телосхистовые');
INSERT INTO Taxon (id_taxon, id_level, id_main_taxon, taxon_lat_name, author, year, taxon_local_name) VALUES (199, 9, 198, 'Teloschistaceae', NULL, NULL, 'Телосхистовые');
INSERT INTO Taxon (id_taxon, id_level, id_main_taxon, taxon_lat_name, author, year, taxon_local_name) VALUES (200, 13, 199, 'Xanthoria', NULL, NULL, 'Ксантория');
INSERT INTO Taxon (id_taxon, id_level, id_main_taxon, taxon_lat_name, author, year, taxon_local_name) VALUES (201, 19, 200, 'Xanthoria parietina', '(L.) Th. Fr.', 1860, 'Ксантория настенная');
INSERT INTO Taxon (id_taxon, id_level, id_main_taxon, taxon_lat_name, author, year, taxon_local_name) VALUES (202, 19, 200, 'Xanthoria elegans', 'Th. Fr.', 1860, 'Ксантория элегантная');
INSERT INTO Taxon (id_taxon, id_level, id_main_taxon, taxon_lat_name, author, year, taxon_local_name) VALUES (203, 9, 14, 'Parmeliaceae', NULL, NULL, 'Пармелиевые');
INSERT INTO Taxon (id_taxon, id_level, id_main_taxon, taxon_lat_name, author, year, taxon_local_name) VALUES (204, 10, 203, 'Parmelioideae', NULL, NULL, '');
INSERT INTO Taxon (id_taxon, id_level, id_main_taxon, taxon_lat_name, author, year, taxon_local_name) VALUES (205, 10, 203, 'Protoparmelioideae', NULL, NULL, '');
INSERT INTO Taxon (id_taxon, id_level, id_main_taxon, taxon_lat_name, author, year, taxon_local_name) VALUES (206, 13, 204, 'Vulpicida', NULL, NULL, 'Вульпицида');
INSERT INTO Taxon (id_taxon, id_level, id_main_taxon, taxon_lat_name, author, year, taxon_local_name) VALUES (207, 19, 206, 'Vulpicida canadensis', '(Räsänen) J. E.Mattsson & M.J. Lai', 1993, '');
INSERT INTO Taxon (id_taxon, id_level, id_main_taxon, taxon_lat_name, author, year, taxon_local_name) VALUES (208, 13, 204, 'Cetraria', NULL, NULL, 'Цетрария');
INSERT INTO Taxon (id_taxon, id_level, id_main_taxon, taxon_lat_name, author, year, taxon_local_name) VALUES (209, 13, 204, 'Flavocetraria', NULL, NULL, 'Флавоцетрария');
INSERT INTO Taxon (id_taxon, id_level, id_main_taxon, taxon_lat_name, author, year, taxon_local_name) VALUES (210, 13, 209, 'Flavocetraria cucullata', NULL, NULL, 'Флавоцетрария Клубочковая');
INSERT INTO Taxon (id_taxon, id_level, id_main_taxon, taxon_lat_name, author, year, taxon_local_name) VALUES (211, 19, 209, 'Flavocetraria minuscula', '(Elenkin et Savicz) Ahti, Poryadina et Zhurb.', NULL, 'Flavocetraria minuscula');
INSERT INTO Taxon (id_taxon, id_level, id_main_taxon, taxon_lat_name, author, year, taxon_local_name) VALUES (212, 19, 209, 'Flavocetraria nivalis', NULL, NULL, 'Цетрария снежная');
INSERT INTO Taxon (id_taxon, id_level, id_main_taxon, taxon_lat_name, author, year, taxon_local_name) VALUES (213, 19, 208, 'Cetraria aculeata', NULL, NULL, 'Цетрария колючая');
INSERT INTO Taxon (id_taxon, id_level, id_main_taxon, taxon_lat_name, author, year, taxon_local_name) VALUES (214, 7, 13, 'Peltigerales', NULL, NULL, 'Пельтигеровые');
INSERT INTO Taxon (id_taxon, id_level, id_main_taxon, taxon_lat_name, author, year, taxon_local_name) VALUES (215, 8, 214, 'Peltigerineae', NULL, NULL, '');
INSERT INTO Taxon (id_taxon, id_level, id_main_taxon, taxon_lat_name, author, year, taxon_local_name) VALUES (216, 9, 214, 'Peltigeraceae', NULL, NULL, '');
INSERT INTO Taxon (id_taxon, id_level, id_main_taxon, taxon_lat_name, author, year, taxon_local_name) VALUES (217, 13, 216, 'Peltigera', NULL, NULL, 'Пельтигера');
INSERT INTO Taxon (id_taxon, id_level, id_main_taxon, taxon_lat_name, author, year, taxon_local_name) VALUES (218, 19, 217, 'Peltigera aphthosa', NULL, NULL, 'Пельтигера пупырчатая');
INSERT INTO Taxon (id_taxon, id_level, id_main_taxon, taxon_lat_name, author, year, taxon_local_name) VALUES (219, 19, 217, 'Peltigera britanica', NULL, NULL, 'Пельтигера британская');
INSERT INTO Taxon (id_taxon, id_level, id_main_taxon, taxon_lat_name, author, year, taxon_local_name) VALUES (220, 19, 217, 'Peltigera canina', NULL, NULL, 'Пельтигера собачья');
INSERT INTO Taxon (id_taxon, id_level, id_main_taxon, taxon_lat_name, author, year, taxon_local_name) VALUES (221, 19, 217, 'Peltigera collina', NULL, NULL, 'Пельтигера холмовая');
INSERT INTO Taxon (id_taxon, id_level, id_main_taxon, taxon_lat_name, author, year, taxon_local_name) VALUES (222, 19, 217, 'Peltigera degenii', NULL, NULL, 'Пельтигера Дегена');
INSERT INTO Taxon (id_taxon, id_level, id_main_taxon, taxon_lat_name, author, year, taxon_local_name) VALUES (223, 19, 217, 'Peltigera didactyla', NULL, NULL, 'Пельтигера ложная');
INSERT INTO Taxon (id_taxon, id_level, id_main_taxon, taxon_lat_name, author, year, taxon_local_name) VALUES (224, 19, 217, 'Peltigera elisabethae', NULL, NULL, 'Пельтигера Елизаветы');
INSERT INTO Taxon (id_taxon, id_level, id_main_taxon, taxon_lat_name, author, year, taxon_local_name) VALUES (225, 19, 217, 'Peltigera extenuata', '(Nyl. ex Vain.) Lojka', 1886, 'Пельтигера Тонкая');

-- Таблица: TaxonLevel
DROP TABLE IF EXISTS TaxonLevel;
CREATE TABLE TaxonLevel (id_level INTEGER PRIMARY KEY, principal BOOLEAN, level_lat_name TEXT, level_name TEXT);
INSERT INTO TaxonLevel (id_level, principal, level_lat_name, level_name) VALUES (1, 1, 'regnum', 'царство');
INSERT INTO TaxonLevel (id_level, principal, level_lat_name, level_name) VALUES (2, 0, 'subregnum', 'подцарство');
INSERT INTO TaxonLevel (id_level, principal, level_lat_name, level_name) VALUES (3, 1, 'divisio', 'тип');
INSERT INTO TaxonLevel (id_level, principal, level_lat_name, level_name) VALUES (4, 0, 'subdivisio', 'подтип');
INSERT INTO TaxonLevel (id_level, principal, level_lat_name, level_name) VALUES (5, 1, 'classis', 'класс');
INSERT INTO TaxonLevel (id_level, principal, level_lat_name, level_name) VALUES (6, 0, 'subclassis', 'подкласс');
INSERT INTO TaxonLevel (id_level, principal, level_lat_name, level_name) VALUES (7, 1, 'ordo', 'порядок');
INSERT INTO TaxonLevel (id_level, principal, level_lat_name, level_name) VALUES (8, 0, 'subordo', 'подпорядок');
INSERT INTO TaxonLevel (id_level, principal, level_lat_name, level_name) VALUES (9, 1, 'familia', 'семейство');
INSERT INTO TaxonLevel (id_level, principal, level_lat_name, level_name) VALUES (10, 0, 'subfamilia', 'подсемейство');
INSERT INTO TaxonLevel (id_level, principal, level_lat_name, level_name) VALUES (11, 0, 'tribus', 'триба');
INSERT INTO TaxonLevel (id_level, principal, level_lat_name, level_name) VALUES (12, 0, 'subtribus', 'подтриба');
INSERT INTO TaxonLevel (id_level, principal, level_lat_name, level_name) VALUES (13, 1, 'genus', 'род');
INSERT INTO TaxonLevel (id_level, principal, level_lat_name, level_name) VALUES (14, 0, 'subgenus', 'подрод');
INSERT INTO TaxonLevel (id_level, principal, level_lat_name, level_name) VALUES (15, 0, 'sectio', 'секция');
INSERT INTO TaxonLevel (id_level, principal, level_lat_name, level_name) VALUES (16, 0, 'subsectio', 'подсекция');
INSERT INTO TaxonLevel (id_level, principal, level_lat_name, level_name) VALUES (17, 0, 'series', 'ряд');
INSERT INTO TaxonLevel (id_level, principal, level_lat_name, level_name) VALUES (18, 0, 'subseries', 'подряд');
INSERT INTO TaxonLevel (id_level, principal, level_lat_name, level_name) VALUES (19, 1, 'species', 'вид');
INSERT INTO TaxonLevel (id_level, principal, level_lat_name, level_name) VALUES (20, 0, 'subspecies', 'подвид');
INSERT INTO TaxonLevel (id_level, principal, level_lat_name, level_name) VALUES (21, 0, 'varietas', 'разновидность');
INSERT INTO TaxonLevel (id_level, principal, level_lat_name, level_name) VALUES (22, 0, 'subvarietas', 'подразновидность');
INSERT INTO TaxonLevel (id_level, principal, level_lat_name, level_name) VALUES (23, 1, 'forma', 'форма');
INSERT INTO TaxonLevel (id_level, principal, level_lat_name, level_name) VALUES (24, 0, 'subforma', 'субформа');

-- Таблица: TaxonOtherNames
DROP TABLE IF EXISTS TaxonOtherNames;
CREATE TABLE TaxonOtherNames (id_other_names INTEGER PRIMARY KEY, id_taxon INTEGER REFERENCES Taxon, taxon_name TEXT, author TEXT, year);
INSERT INTO TaxonOtherNames (id_other_names, id_taxon, taxon_name, author, year) VALUES (1, 1, 'Cladina rangiferina', NULL, NULL);
INSERT INTO TaxonOtherNames (id_other_names, id_taxon, taxon_name, author, year) VALUES (2, 2, 'Cenomyce stellaris', NULL, NULL);
INSERT INTO TaxonOtherNames (id_other_names, id_taxon, taxon_name, author, year) VALUES (3, 2, 'Cladina stellaris', NULL, NULL);
INSERT INTO TaxonOtherNames (id_other_names, id_taxon, taxon_name, author, year) VALUES (4, 198, 'Teloschistales', 'D.Hawksw. & O.E.Erikss.', 1986);
INSERT INTO TaxonOtherNames (id_other_names, id_taxon, taxon_name, author, year) VALUES (5, 199, 'Teloschistaceae', 'Zahlbr.', 1898);
INSERT INTO TaxonOtherNames (id_other_names, id_taxon, taxon_name, author, year) VALUES (6, 200, 'Xanthoria', '(Fr.) Th. Fr.', 1860);
INSERT INTO TaxonOtherNames (id_other_names, id_taxon, taxon_name, author, year) VALUES (9, 200, 'Blasteniospora', 'Trevis.', 1853);
INSERT INTO TaxonOtherNames (id_other_names, id_taxon, taxon_name, author, year) VALUES (10, 200, 'Blasteniospora sect. Xanthoria', '(Fr.) M. Choisy', 1959);
INSERT INTO TaxonOtherNames (id_other_names, id_taxon, taxon_name, author, year) VALUES (11, 200, 'Diblastia', 'Trevis.', 1857);
INSERT INTO TaxonOtherNames (id_other_names, id_taxon, taxon_name, author, year) VALUES (12, 200, 'Dufouria', 'Trevis.', 1861);
INSERT INTO TaxonOtherNames (id_other_names, id_taxon, taxon_name, author, year) VALUES (13, 200, 'Parmelia subdivF. Xanthoria', 'Fr.', 1825);
INSERT INTO TaxonOtherNames (id_other_names, id_taxon, taxon_name, author, year) VALUES (14, 200, 'Parmocarpus', 'Trevis.', 1861);
INSERT INTO TaxonOtherNames (id_other_names, id_taxon, taxon_name, author, year) VALUES (15, 200, 'Xanthoriomyces', 'E.A. Thomas ex Cif. et Tomas.', 1953);
INSERT INTO TaxonOtherNames (id_other_names, id_taxon, taxon_name, author, year) VALUES (16, 203, 'Parmeliaceae', 'Zenker', 1827);
INSERT INTO TaxonOtherNames (id_other_names, id_taxon, taxon_name, author, year) VALUES (17, 203, 'Alectoriaceae', '(Hue) Tomas.', 1949);
INSERT INTO TaxonOtherNames (id_other_names, id_taxon, taxon_name, author, year) VALUES (18, 203, 'Anziaceae', 'M. Satô', 1939);
INSERT INTO TaxonOtherNames (id_other_names, id_taxon, taxon_name, author, year) VALUES (19, 203, 'Cetrariaceae', 'Schaer.', 1850);
INSERT INTO TaxonOtherNames (id_other_names, id_taxon, taxon_name, author, year) VALUES (20, 203, 'Corniculariaceae', 'Schaer.', 1850);
INSERT INTO TaxonOtherNames (id_other_names, id_taxon, taxon_name, author, year) VALUES (21, 203, 'Dactylinaceae', 'M. Choisy', 1951);
INSERT INTO TaxonOtherNames (id_other_names, id_taxon, taxon_name, author, year) VALUES (22, 203, 'Everniaceae', '(Hue) Tomas.', 1897);
INSERT INTO TaxonOtherNames (id_other_names, id_taxon, taxon_name, author, year) VALUES (23, 203, 'Hypogymniaceae', 'Poelt ex Elix', 1980);
INSERT INTO TaxonOtherNames (id_other_names, id_taxon, taxon_name, author, year) VALUES (24, 203, 'Usneaceae', 'Fée ex Zenker', 1827);
INSERT INTO TaxonOtherNames (id_other_names, id_taxon, taxon_name, author, year) VALUES (25, 204, 'Parmelioideae', 'Bot.', 1833);
INSERT INTO TaxonOtherNames (id_other_names, id_taxon, taxon_name, author, year) VALUES (26, 204, 'Usneoideae', 'Clem. & Shear', 1931);
INSERT INTO TaxonOtherNames (id_other_names, id_taxon, taxon_name, author, year) VALUES (27, 205, 'Protoparmelioideae', 'Divakar, A.Crespo & Lumbsch', 2017);
INSERT INTO TaxonOtherNames (id_other_names, id_taxon, taxon_name, author, year) VALUES (28, 206, 'Vulpicida', 'J.-E.Mattsson & M.J.Lai', 1993);
INSERT INTO TaxonOtherNames (id_other_names, id_taxon, taxon_name, author, year) VALUES (30, 207, 'Cetraria canadensis', '(Räsänen) Räsänen', 1952);
INSERT INTO TaxonOtherNames (id_other_names, id_taxon, taxon_name, author, year) VALUES (31, 207, 'Cetraria juniperina var. canadensis', 'Räsänen', 1933);
INSERT INTO TaxonOtherNames (id_other_names, id_taxon, taxon_name, author, year) VALUES (32, 207, 'Tuckermannopsis canadensis', '(Räsänen) Hale', 1987);
INSERT INTO TaxonOtherNames (id_other_names, id_taxon, taxon_name, author, year) VALUES (33, 208, 'Cetraria', 'Ach.', 1803);
INSERT INTO TaxonOtherNames (id_other_names, id_taxon, taxon_name, author, year) VALUES (34, 208, 'Squamaria', 'Hoffm.', 1789);
INSERT INTO TaxonOtherNames (id_other_names, id_taxon, taxon_name, author, year) VALUES (35, 208, 'Pseudocornicularia', 'Gyeln.', 1933);
INSERT INTO TaxonOtherNames (id_other_names, id_taxon, taxon_name, author, year) VALUES (36, 208, 'Platyphyllum', 'Vent.', 1799);
INSERT INTO TaxonOtherNames (id_other_names, id_taxon, taxon_name, author, year) VALUES (37, 208, 'Platisma', 'Hoffm.', 1796);
INSERT INTO TaxonOtherNames (id_other_names, id_taxon, taxon_name, author, year) VALUES (38, 208, 'Geissodea', 'Vent.', 1799);
INSERT INTO TaxonOtherNames (id_other_names, id_taxon, taxon_name, author, year) VALUES (39, 208, 'Coelocaulon', 'Link.', 1833);
INSERT INTO TaxonOtherNames (id_other_names, id_taxon, taxon_name, author, year) VALUES (40, 208, 'Cetrariomyces', 'E.A.Thomas', 1939);
INSERT INTO TaxonOtherNames (id_other_names, id_taxon, taxon_name, author, year) VALUES (41, 208, 'Cetraria sect. Platysma', 'Körb.', 1859);
INSERT INTO TaxonOtherNames (id_other_names, id_taxon, taxon_name, author, year) VALUES (42, 209, 'Flavocetraria', 'Kärnefelt & A.Thell', 1994);
INSERT INTO TaxonOtherNames (id_other_names, id_taxon, taxon_name, author, year) VALUES (43, 210, 'Flavocetraria cucullata', '', NULL);
INSERT INTO TaxonOtherNames (id_other_names, id_taxon, taxon_name, author, year) VALUES (44, 210, 'Cetraria cucullata', '(Bellardi) Ach.', NULL);
INSERT INTO TaxonOtherNames (id_other_names, id_taxon, taxon_name, author, year) VALUES (45, 210, 'Allocetraria cucullata', '(Bellardi) Randlane et Saag', NULL);
INSERT INTO TaxonOtherNames (id_other_names, id_taxon, taxon_name, author, year) VALUES (46, 211, 'Flavocetraria minuscula', '(Elenkin et Savicz) Ahti, Poryadina et Zhurb.', NULL);
INSERT INTO TaxonOtherNames (id_other_names, id_taxon, taxon_name, author, year) VALUES (47, 211, 'Cetraria cucullata f. minuscula', 'Elenkin et Savicz', NULL);
INSERT INTO TaxonOtherNames (id_other_names, id_taxon, taxon_name, author, year) VALUES (48, 211, 'Cetraria cucullata var. rabotnovii', 'Oxner', NULL);
INSERT INTO TaxonOtherNames (id_other_names, id_taxon, taxon_name, author, year) VALUES (49, 212, 'Flavocetraria nivalis', '(L.) Kärnefelt & A.Thell', 1994);
INSERT INTO TaxonOtherNames (id_other_names, id_taxon, taxon_name, author, year) VALUES (50, 212, 'Allocetraria nivalis', '(L.) Randlane & Saag', NULL);
INSERT INTO TaxonOtherNames (id_other_names, id_taxon, taxon_name, author, year) VALUES (51, 212, 'Cetraria nivalis', '(L.) Ach.', NULL);
INSERT INTO TaxonOtherNames (id_other_names, id_taxon, taxon_name, author, year) VALUES (52, 212, 'Lichen nivalis', 'L.', NULL);
INSERT INTO TaxonOtherNames (id_other_names, id_taxon, taxon_name, author, year) VALUES (53, 212, 'Lobaria nivalis', '(L.) Hoffmann', NULL);
INSERT INTO TaxonOtherNames (id_other_names, id_taxon, taxon_name, author, year) VALUES (54, 212, 'Parmelia nivalis', '(L.) Sprengel', NULL);
INSERT INTO TaxonOtherNames (id_other_names, id_taxon, taxon_name, author, year) VALUES (55, 212, 'Platysma nivale', '(L.) Frege', NULL);
INSERT INTO TaxonOtherNames (id_other_names, id_taxon, taxon_name, author, year) VALUES (56, 213, 'Cetraria aculeata', '(Schreb.) Fr.', 1826);
INSERT INTO TaxonOtherNames (id_other_names, id_taxon, taxon_name, author, year) VALUES (57, 213, 'Lichen aculeatus', 'Schreb.', 1771);
INSERT INTO TaxonOtherNames (id_other_names, id_taxon, taxon_name, author, year) VALUES (58, 214, 'Peltigerales', 'Walt.Watson', 1929);
INSERT INTO TaxonOtherNames (id_other_names, id_taxon, taxon_name, author, year) VALUES (59, 215, 'Peltigerineae', 'Miądl. & Lutzoni', 2004);
INSERT INTO TaxonOtherNames (id_other_names, id_taxon, taxon_name, author, year) VALUES (60, 216, 'Peltigeraceae', 'Dumort.', 1822);
INSERT INTO TaxonOtherNames (id_other_names, id_taxon, taxon_name, author, year) VALUES (61, 217, 'Peltigera', 'Willd.', 1787);
INSERT INTO TaxonOtherNames (id_other_names, id_taxon, taxon_name, author, year) VALUES (62, 217, 'Antilyssa', 'Haller ex M.Choisy', 1929);
INSERT INTO TaxonOtherNames (id_other_names, id_taxon, taxon_name, author, year) VALUES (63, 217, 'Chloropeltigera', '(Gyeln.) Gyeln.', 1934);
INSERT INTO TaxonOtherNames (id_other_names, id_taxon, taxon_name, author, year) VALUES (64, 217, 'Chloropeltis', 'Clem.', 1909);
INSERT INTO TaxonOtherNames (id_other_names, id_taxon, taxon_name, author, year) VALUES (65, 217, 'Byrsalis', 'Neck. ex Kremp.', 1869);
INSERT INTO TaxonOtherNames (id_other_names, id_taxon, taxon_name, author, year) VALUES (66, 217, 'Dermatodea', 'Vent.', 1799);
INSERT INTO TaxonOtherNames (id_other_names, id_taxon, taxon_name, author, year) VALUES (67, 217, 'Hydrothyria', 'J.L.Russell', 1856);
INSERT INTO TaxonOtherNames (id_other_names, id_taxon, taxon_name, author, year) VALUES (68, 217, 'Peltidea', 'Ach.', 1803);
INSERT INTO TaxonOtherNames (id_other_names, id_taxon, taxon_name, author, year) VALUES (69, 217, 'Peltideomyces', 'E.A.Thomas', 1939);
INSERT INTO TaxonOtherNames (id_other_names, id_taxon, taxon_name, author, year) VALUES (70, 217, 'Peltigeromyces', 'E.A.Thomas ex Cif. & Tomas.', 1953);
INSERT INTO TaxonOtherNames (id_other_names, id_taxon, taxon_name, author, year) VALUES (71, 217, 'Peltophora', 'Clem.', 1909);
INSERT INTO TaxonOtherNames (id_other_names, id_taxon, taxon_name, author, year) VALUES (72, 217, 'Placodion', 'Adans.', 1763);
INSERT INTO TaxonOtherNames (id_other_names, id_taxon, taxon_name, author, year) VALUES (74, 218, 'Lichen aphthosus', 'L.', 1753);
INSERT INTO TaxonOtherNames (id_other_names, id_taxon, taxon_name, author, year) VALUES (77, 220, 'Lichen caninus', 'L.', 1753);
INSERT INTO TaxonOtherNames (id_other_names, id_taxon, taxon_name, author, year) VALUES (78, 220, 'Peltidea canina', '(L.) Ach.', 1803);
INSERT INTO TaxonOtherNames (id_other_names, id_taxon, taxon_name, author, year) VALUES (79, 220, 'Dermatodea canina', '(L.) A.St.-Hil.', 1805);
INSERT INTO TaxonOtherNames (id_other_names, id_taxon, taxon_name, author, year) VALUES (80, 220, 'Peltophora canina', '(L.) Clem.', 1909);
INSERT INTO TaxonOtherNames (id_other_names, id_taxon, taxon_name, author, year) VALUES (83, 222, 'Peltigera canina f. nitens', 'Anders', 1924);
INSERT INTO TaxonOtherNames (id_other_names, id_taxon, taxon_name, author, year) VALUES (84, 222, 'Peltigera nitens', '(Anders) Gyeln.', 1927);
INSERT INTO TaxonOtherNames (id_other_names, id_taxon, taxon_name, author, year) VALUES (85, 222, 'Peltigera praetextata var. nitens', '(Anders) Szatala', 1942);
INSERT INTO TaxonOtherNames (id_other_names, id_taxon, taxon_name, author, year) VALUES (86, 222, 'Peltigera degenii f. nitens', '(Anders) Oxner', 1956);
INSERT INTO TaxonOtherNames (id_other_names, id_taxon, taxon_name, author, year) VALUES (87, 222, 'Peltigera degenii var. nitens', '(Anders) Trass', 1968);
INSERT INTO TaxonOtherNames (id_other_names, id_taxon, taxon_name, author, year) VALUES (90, 225, 'Peltigera canina var. extenuata', 'Nyl. ex Vain.', NULL);
INSERT INTO TaxonOtherNames (id_other_names, id_taxon, taxon_name, author, year) VALUES (91, 225, 'Peltigera canina subsp. extenuata', '(Vain.) Vain.', NULL);
INSERT INTO TaxonOtherNames (id_other_names, id_taxon, taxon_name, author, year) VALUES (92, 225, 'Peltigera didactyla var. extenuata', '(Nyl. ex Vain.) Goffinet & R. Hastings', NULL);

COMMIT TRANSACTION;
PRAGMA foreign_keys = on;
